Date of Death,New Deaths,Cumulative Deaths,Data As Of,Data Loaded At
03/19/2020 12:00:00 AM,0,1,05/02/2022 04:30:00 AM,05/02/2022 07:00:09 AM
03/22/2020 12:00:00 AM,0,1,05/02/2022 04:30:00 AM,05/02/2022 07:00:09 AM
03/25/2020 12:00:00 AM,0,2,05/02/2022 04:30:00 AM,05/02/2022 07:00:09 AM
03/28/2020 12:00:00 AM,0,7,05/02/2022 04:30:00 AM,05/02/2022 07:00:09 AM
03/31/2020 12:00:00 AM,1,9,05/02/2022 04:30:00 AM,05/02/2022 07:00:09 AM
04/03/2020 12:00:00 AM,0,12,05/02/2022 04:30:00 AM,05/02/2022 07:00:09 AM
04/06/2020 12:00:00 AM,1,14,05/02/2022 04:30:00 AM,05/02/2022 07:00:09 AM
04/09/2020 12:00:00 AM,0,16,05/02/2022 04:30:00 AM,05/02/2022 07:00:09 AM
04/12/2020 12:00:00 AM,0,19,05/02/2022 04:30:00 AM,05/02/2022 07:00:09 AM
04/15/2020 12:00:00 AM,1,24,05/02/2022 04:30:00 AM,05/02/2022 07:00:09 AM
04/18/2020 12:00:00 AM,1,26,05/02/2022 04:30:00 AM,05/02/2022 07:00:09 AM
04/21/2020 12:00:00 AM,0,27,05/02/2022 04:30:00 AM,05/02/2022 07:00:09 AM
04/24/2020 12:00:00 AM,0,29,05/02/2022 04:30:00 AM,05/02/2022 07:00:09 AM
04/27/2020 12:00:00 AM,0,30,05/02/2022 04:30:00 AM,05/02/2022 07:00:09 AM
04/30/2020 12:00:00 AM,1,35,05/02/2022 04:30:00 AM,05/02/2022 07:00:09 AM
05/03/2020 12:00:00 AM,0,36,05/02/2022 04:30:00 AM,05/02/2022 07:00:09 AM
05/06/2020 12:00:00 AM,0,36,05/02/2022 04:30:00 AM,05/02/2022 07:00:09 AM
05/09/2020 12:00:00 AM,2,41,05/02/2022 04:30:00 AM,05/02/2022 07:00:09 AM
05/12/2020 12:00:00 AM,1,42,05/02/2022 04:30:00 AM,05/02/2022 07:00:09 AM
05/15/2020 12:00:00 AM,1,43,05/02/2022 04:30:00 AM,05/02/2022 07:00:09 AM
05/18/2020 12:00:00 AM,0,45,05/02/2022 04:30:00 AM,05/02/2022 07:00:09 AM
05/21/2020 12:00:00 AM,0,45,05/02/2022 04:30:00 AM,05/02/2022 07:00:09 AM
05/24/2020 12:00:00 AM,0,45,05/02/2022 04:30:00 AM,05/02/2022 07:00:09 AM
05/27/2020 12:00:00 AM,0,46,05/02/2022 04:30:00 AM,05/02/2022 07:00:09 AM
05/30/2020 12:00:00 AM,0,47,05/02/2022 04:30:00 AM,05/02/2022 07:00:09 AM
06/02/2020 12:00:00 AM,0,48,05/02/2022 04:30:00 AM,05/02/2022 07:00:09 AM
06/05/2020 12:00:00 AM,1,49,05/02/2022 04:30:00 AM,05/02/2022 07:00:09 AM
06/08/2020 12:00:00 AM,0,49,05/02/2022 04:30:00 AM,05/02/2022 07:00:09 AM
06/11/2020 12:00:00 AM,0,49,05/02/2022 04:30:00 AM,05/02/2022 07:00:09 AM
06/14/2020 12:00:00 AM,0,51,05/02/2022 04:30:00 AM,05/02/2022 07:00:09 AM
06/17/2020 12:00:00 AM,0,51,05/02/2022 04:30:00 AM,05/02/2022 07:00:09 AM
06/20/2020 12:00:00 AM,0,52,05/02/2022 04:30:00 AM,05/02/2022 07:00:09 AM
06/23/2020 12:00:00 AM,0,52,05/02/2022 04:30:00 AM,05/02/2022 07:00:09 AM
06/26/2020 12:00:00 AM,0,52,05/02/2022 04:30:00 AM,05/02/2022 07:00:09 AM
06/29/2020 12:00:00 AM,0,52,05/02/2022 04:30:00 AM,05/02/2022 07:00:09 AM
07/02/2020 12:00:00 AM,0,52,05/02/2022 04:30:00 AM,05/02/2022 07:00:09 AM
07/05/2020 12:00:00 AM,1,53,05/02/2022 04:30:00 AM,05/02/2022 07:00:09 AM
07/08/2020 12:00:00 AM,0,54,05/02/2022 04:30:00 AM,05/02/2022 07:00:09 AM
07/11/2020 12:00:00 AM,0,54,05/02/2022 04:30:00 AM,05/02/2022 07:00:09 AM
07/14/2020 12:00:00 AM,1,57,05/02/2022 04:30:00 AM,05/02/2022 07:00:09 AM
07/17/2020 12:00:00 AM,1,60,05/02/2022 04:30:00 AM,05/02/2022 07:00:09 AM
07/20/2020 12:00:00 AM,0,61,05/02/2022 04:30:00 AM,05/02/2022 07:00:09 AM
07/23/2020 12:00:00 AM,1,64,05/02/2022 04:30:00 AM,05/02/2022 07:00:09 AM
07/26/2020 12:00:00 AM,1,65,05/02/2022 04:30:00 AM,05/02/2022 07:00:09 AM
07/29/2020 12:00:00 AM,1,70,05/02/2022 04:30:00 AM,05/02/2022 07:00:09 AM
08/01/2020 12:00:00 AM,3,73,05/02/2022 04:30:00 AM,05/02/2022 07:00:09 AM
08/04/2020 12:00:00 AM,0,74,05/02/2022 04:30:00 AM,05/02/2022 07:00:09 AM
08/07/2020 12:00:00 AM,2,77,05/02/2022 04:30:00 AM,05/02/2022 07:00:09 AM
08/10/2020 12:00:00 AM,2,80,05/02/2022 04:30:00 AM,05/02/2022 07:00:09 AM
08/13/2020 12:00:00 AM,1,82,05/02/2022 04:30:00 AM,05/02/2022 07:00:09 AM
08/16/2020 12:00:00 AM,0,85,05/02/2022 04:30:00 AM,05/02/2022 07:00:09 AM
08/19/2020 12:00:00 AM,0,86,05/02/2022 04:30:00 AM,05/02/2022 07:00:09 AM
08/22/2020 12:00:00 AM,0,89,05/02/2022 04:30:00 AM,05/02/2022 07:00:09 AM
08/25/2020 12:00:00 AM,0,89,05/02/2022 04:30:00 AM,05/02/2022 07:00:09 AM
08/28/2020 12:00:00 AM,0,91,05/02/2022 04:30:00 AM,05/02/2022 07:00:09 AM
08/31/2020 12:00:00 AM,2,94,05/02/2022 04:30:00 AM,05/02/2022 07:00:09 AM
09/03/2020 12:00:00 AM,2,97,05/02/2022 04:30:00 AM,05/02/2022 07:00:09 AM
09/06/2020 12:00:00 AM,1,101,05/02/2022 04:30:00 AM,05/02/2022 07:00:09 AM
09/09/2020 12:00:00 AM,2,105,05/02/2022 04:30:00 AM,05/02/2022 07:00:09 AM
09/12/2020 12:00:00 AM,1,111,05/02/2022 04:30:00 AM,05/02/2022 07:00:09 AM
09/15/2020 12:00:00 AM,0,111,05/02/2022 04:30:00 AM,05/02/2022 07:00:09 AM
09/18/2020 12:00:00 AM,2,116,05/02/2022 04:30:00 AM,05/02/2022 07:00:09 AM
09/21/2020 12:00:00 AM,0,117,05/02/2022 04:30:00 AM,05/02/2022 07:00:09 AM
09/24/2020 12:00:00 AM,2,123,05/02/2022 04:30:00 AM,05/02/2022 07:00:09 AM
09/27/2020 12:00:00 AM,0,125,05/02/2022 04:30:00 AM,05/02/2022 07:00:09 AM
09/30/2020 12:00:00 AM,0,129,05/02/2022 04:30:00 AM,05/02/2022 07:00:09 AM
10/03/2020 12:00:00 AM,0,136,05/02/2022 04:30:00 AM,05/02/2022 07:00:09 AM
10/06/2020 12:00:00 AM,0,143,05/02/2022 04:30:00 AM,05/02/2022 07:00:09 AM
10/09/2020 12:00:00 AM,4,150,05/02/2022 04:30:00 AM,05/02/2022 07:00:09 AM
10/12/2020 12:00:00 AM,0,154,05/02/2022 04:30:00 AM,05/02/2022 07:00:09 AM
10/15/2020 12:00:00 AM,0,155,05/02/2022 04:30:00 AM,05/02/2022 07:00:09 AM
10/18/2020 12:00:00 AM,1,156,05/02/2022 04:30:00 AM,05/02/2022 07:00:09 AM
10/21/2020 12:00:00 AM,0,158,05/02/2022 04:30:00 AM,05/02/2022 07:00:09 AM
10/24/2020 12:00:00 AM,2,160,05/02/2022 04:30:00 AM,05/02/2022 07:00:09 AM
10/27/2020 12:00:00 AM,0,160,05/02/2022 04:30:00 AM,05/02/2022 07:00:09 AM
10/30/2020 12:00:00 AM,0,160,05/02/2022 04:30:00 AM,05/02/2022 07:00:09 AM
11/02/2020 12:00:00 AM,0,161,05/02/2022 04:30:00 AM,05/02/2022 07:00:09 AM
11/05/2020 12:00:00 AM,0,161,05/02/2022 04:30:00 AM,05/02/2022 07:00:09 AM
11/08/2020 12:00:00 AM,0,161,05/02/2022 04:30:00 AM,05/02/2022 07:00:09 AM
11/11/2020 12:00:00 AM,0,163,05/02/2022 04:30:00 AM,05/02/2022 07:00:09 AM
11/14/2020 12:00:00 AM,1,165,05/02/2022 04:30:00 AM,05/02/2022 07:00:09 AM
11/17/2020 12:00:00 AM,1,167,05/02/2022 04:30:00 AM,05/02/2022 07:00:09 AM
11/20/2020 12:00:00 AM,0,168,05/02/2022 04:30:00 AM,05/02/2022 07:00:09 AM
11/23/2020 12:00:00 AM,1,169,05/02/2022 04:30:00 AM,05/02/2022 07:00:09 AM
11/26/2020 12:00:00 AM,0,170,05/02/2022 04:30:00 AM,05/02/2022 07:00:09 AM
11/29/2020 12:00:00 AM,1,172,05/02/2022 04:30:00 AM,05/02/2022 07:00:09 AM
12/02/2020 12:00:00 AM,0,174,05/02/2022 04:30:00 AM,05/02/2022 07:00:09 AM
12/05/2020 12:00:00 AM,1,177,05/02/2022 04:30:00 AM,05/02/2022 07:00:09 AM
12/08/2020 12:00:00 AM,0,178,05/02/2022 04:30:00 AM,05/02/2022 07:00:09 AM
12/11/2020 12:00:00 AM,4,185,05/02/2022 04:30:00 AM,05/02/2022 07:00:09 AM
12/14/2020 12:00:00 AM,1,189,05/02/2022 04:30:00 AM,05/02/2022 07:00:09 AM
12/17/2020 12:00:00 AM,4,199,05/02/2022 04:30:00 AM,05/02/2022 07:00:09 AM
12/20/2020 12:00:00 AM,2,206,05/02/2022 04:30:00 AM,05/02/2022 07:00:09 AM
12/23/2020 12:00:00 AM,3,215,05/02/2022 04:30:00 AM,05/02/2022 07:00:09 AM
12/26/2020 12:00:00 AM,3,233,05/02/2022 04:30:00 AM,05/02/2022 07:00:09 AM
12/29/2020 12:00:00 AM,6,248,05/02/2022 04:30:00 AM,05/02/2022 07:00:09 AM
01/01/2021 12:00:00 AM,4,265,05/02/2022 04:30:00 AM,05/02/2022 07:00:09 AM
01/04/2021 12:00:00 AM,3,281,05/02/2022 04:30:00 AM,05/02/2022 07:00:09 AM
01/07/2021 12:00:00 AM,8,297,05/02/2022 04:30:00 AM,05/02/2022 07:00:09 AM
01/10/2021 12:00:00 AM,5,313,05/02/2022 04:30:00 AM,05/02/2022 07:00:09 AM
01/13/2021 12:00:00 AM,8,334,05/02/2022 04:30:00 AM,05/02/2022 07:00:09 AM
01/16/2021 12:00:00 AM,10,358,05/02/2022 04:30:00 AM,05/02/2022 07:00:09 AM
01/19/2021 12:00:00 AM,6,368,05/02/2022 04:30:00 AM,05/02/2022 07:00:09 AM
01/22/2021 12:00:00 AM,9,390,05/02/2022 04:30:00 AM,05/02/2022 07:00:09 AM
01/25/2021 12:00:00 AM,3,399,05/02/2022 04:30:00 AM,05/02/2022 07:00:09 AM
01/28/2021 12:00:00 AM,7,410,05/02/2022 04:30:00 AM,05/02/2022 07:00:09 AM
01/31/2021 12:00:00 AM,9,426,05/02/2022 04:30:00 AM,05/02/2022 07:00:09 AM
02/03/2021 12:00:00 AM,3,436,05/02/2022 04:30:00 AM,05/02/2022 07:00:09 AM
02/06/2021 12:00:00 AM,5,457,05/02/2022 04:30:00 AM,05/02/2022 07:00:09 AM
02/09/2021 12:00:00 AM,6,469,05/02/2022 04:30:00 AM,05/02/2022 07:00:09 AM
02/12/2021 12:00:00 AM,7,486,05/02/2022 04:30:00 AM,05/02/2022 07:00:09 AM
02/15/2021 12:00:00 AM,6,497,05/02/2022 04:30:00 AM,05/02/2022 07:00:09 AM
02/18/2021 12:00:00 AM,5,507,05/02/2022 04:30:00 AM,05/02/2022 07:00:09 AM
02/21/2021 12:00:00 AM,0,510,05/02/2022 04:30:00 AM,05/02/2022 07:00:09 AM
02/24/2021 12:00:00 AM,3,521,05/02/2022 04:30:00 AM,05/02/2022 07:00:09 AM
02/27/2021 12:00:00 AM,1,523,05/02/2022 04:30:00 AM,05/02/2022 07:00:09 AM
03/02/2021 12:00:00 AM,0,524,05/02/2022 04:30:00 AM,05/02/2022 07:00:09 AM
03/05/2021 12:00:00 AM,0,528,05/02/2022 04:30:00 AM,05/02/2022 07:00:09 AM
03/08/2021 12:00:00 AM,0,530,05/02/2022 04:30:00 AM,05/02/2022 07:00:09 AM
03/11/2021 12:00:00 AM,1,533,05/02/2022 04:30:00 AM,05/02/2022 07:00:09 AM
03/14/2021 12:00:00 AM,1,534,05/02/2022 04:30:00 AM,05/02/2022 07:00:09 AM
03/17/2021 12:00:00 AM,0,534,05/02/2022 04:30:00 AM,05/02/2022 07:00:09 AM
03/20/2021 12:00:00 AM,1,536,05/02/2022 04:30:00 AM,05/02/2022 07:00:09 AM
03/23/2021 12:00:00 AM,0,539,05/02/2022 04:30:00 AM,05/02/2022 07:00:09 AM
03/26/2021 12:00:00 AM,1,544,05/02/2022 04:30:00 AM,05/02/2022 07:00:09 AM
03/29/2021 12:00:00 AM,0,547,05/02/2022 04:30:00 AM,05/02/2022 07:00:09 AM
04/01/2021 12:00:00 AM,0,547,05/02/2022 04:30:00 AM,05/02/2022 07:00:09 AM
04/04/2021 12:00:00 AM,0,548,05/02/2022 04:30:00 AM,05/02/2022 07:00:09 AM
04/07/2021 12:00:00 AM,0,548,05/02/2022 04:30:00 AM,05/02/2022 07:00:09 AM
04/10/2021 12:00:00 AM,1,550,05/02/2022 04:30:00 AM,05/02/2022 07:00:09 AM
04/13/2021 12:00:00 AM,0,550,05/02/2022 04:30:00 AM,05/02/2022 07:00:09 AM
04/16/2021 12:00:00 AM,0,551,05/02/2022 04:30:00 AM,05/02/2022 07:00:09 AM
04/19/2021 12:00:00 AM,1,552,05/02/2022 04:30:00 AM,05/02/2022 07:00:09 AM
04/22/2021 12:00:00 AM,0,552,05/02/2022 04:30:00 AM,05/02/2022 07:00:09 AM
04/25/2021 12:00:00 AM,1,554,05/02/2022 04:30:00 AM,05/02/2022 07:00:09 AM
04/28/2021 12:00:00 AM,0,557,05/02/2022 04:30:00 AM,05/02/2022 07:00:09 AM
05/01/2021 12:00:00 AM,0,558,05/02/2022 04:30:00 AM,05/02/2022 07:00:09 AM
05/04/2021 12:00:00 AM,0,558,05/02/2022 04:30:00 AM,05/02/2022 07:00:09 AM
05/07/2021 12:00:00 AM,1,561,05/02/2022 04:30:00 AM,05/02/2022 07:00:09 AM
05/10/2021 12:00:00 AM,0,561,05/02/2022 04:30:00 AM,05/02/2022 07:00:09 AM
05/13/2021 12:00:00 AM,0,562,05/02/2022 04:30:00 AM,05/02/2022 07:00:09 AM
05/16/2021 12:00:00 AM,0,562,05/02/2022 04:30:00 AM,05/02/2022 07:00:09 AM
05/19/2021 12:00:00 AM,0,562,05/02/2022 04:30:00 AM,05/02/2022 07:00:09 AM
05/22/2021 12:00:00 AM,0,562,05/02/2022 04:30:00 AM,05/02/2022 07:00:09 AM
05/25/2021 12:00:00 AM,0,563,05/02/2022 04:30:00 AM,05/02/2022 07:00:09 AM
05/28/2021 12:00:00 AM,0,563,05/02/2022 04:30:00 AM,05/02/2022 07:00:09 AM
05/31/2021 12:00:00 AM,0,563,05/02/2022 04:30:00 AM,05/02/2022 07:00:09 AM
06/03/2021 12:00:00 AM,0,563,05/02/2022 04:30:00 AM,05/02/2022 07:00:09 AM
06/06/2021 12:00:00 AM,0,566,05/02/2022 04:30:00 AM,05/02/2022 07:00:09 AM
06/09/2021 12:00:00 AM,0,567,05/02/2022 04:30:00 AM,05/02/2022 07:00:09 AM
06/12/2021 12:00:00 AM,0,568,05/02/2022 04:30:00 AM,05/02/2022 07:00:09 AM
06/15/2021 12:00:00 AM,0,568,05/02/2022 04:30:00 AM,05/02/2022 07:00:09 AM
06/18/2021 12:00:00 AM,0,568,05/02/2022 04:30:00 AM,05/02/2022 07:00:09 AM
06/21/2021 12:00:00 AM,0,568,05/02/2022 04:30:00 AM,05/02/2022 07:00:09 AM
06/24/2021 12:00:00 AM,0,568,05/02/2022 04:30:00 AM,05/02/2022 07:00:09 AM
06/27/2021 12:00:00 AM,0,568,05/02/2022 04:30:00 AM,05/02/2022 07:00:09 AM
06/30/2021 12:00:00 AM,0,568,05/02/2022 04:30:00 AM,05/02/2022 07:00:09 AM
07/03/2021 12:00:00 AM,0,569,05/02/2022 04:30:00 AM,05/02/2022 07:00:09 AM
07/06/2021 12:00:00 AM,0,569,05/02/2022 04:30:00 AM,05/02/2022 07:00:09 AM
07/09/2021 12:00:00 AM,0,569,05/02/2022 04:30:00 AM,05/02/2022 07:00:09 AM
07/12/2021 12:00:00 AM,0,570,05/02/2022 04:30:00 AM,05/02/2022 07:00:09 AM
07/15/2021 12:00:00 AM,0,571,05/02/2022 04:30:00 AM,05/02/2022 07:00:09 AM
07/18/2021 12:00:00 AM,0,573,05/02/2022 04:30:00 AM,05/02/2022 07:00:09 AM
07/21/2021 12:00:00 AM,0,575,05/02/2022 04:30:00 AM,05/02/2022 07:00:09 AM
07/24/2021 12:00:00 AM,0,576,05/02/2022 04:30:00 AM,05/02/2022 07:00:09 AM
07/27/2021 12:00:00 AM,0,577,05/02/2022 04:30:00 AM,05/02/2022 07:00:09 AM
07/30/2021 12:00:00 AM,3,580,05/02/2022 04:30:00 AM,05/02/2022 07:00:09 AM
08/02/2021 12:00:00 AM,0,580,05/02/2022 04:30:00 AM,05/02/2022 07:00:09 AM
08/05/2021 12:00:00 AM,1,584,05/02/2022 04:30:00 AM,05/02/2022 07:00:09 AM
08/08/2021 12:00:00 AM,0,585,05/02/2022 04:30:00 AM,05/02/2022 07:00:09 AM
08/11/2021 12:00:00 AM,0,587,05/02/2022 04:30:00 AM,05/02/2022 07:00:09 AM
08/14/2021 12:00:00 AM,3,593,05/02/2022 04:30:00 AM,05/02/2022 07:00:09 AM
08/17/2021 12:00:00 AM,0,599,05/02/2022 04:30:00 AM,05/02/2022 07:00:09 AM
08/20/2021 12:00:00 AM,0,601,05/02/2022 04:30:00 AM,05/02/2022 07:00:09 AM
08/23/2021 12:00:00 AM,1,605,05/02/2022 04:30:00 AM,05/02/2022 07:00:09 AM
08/26/2021 12:00:00 AM,0,610,05/02/2022 04:30:00 AM,05/02/2022 07:00:09 AM
08/29/2021 12:00:00 AM,3,614,05/02/2022 04:30:00 AM,05/02/2022 07:00:09 AM
09/01/2021 12:00:00 AM,2,617,05/02/2022 04:30:00 AM,05/02/2022 07:00:09 AM
09/04/2021 12:00:00 AM,3,621,05/02/2022 04:30:00 AM,05/02/2022 07:00:09 AM
09/07/2021 12:00:00 AM,3,627,05/02/2022 04:30:00 AM,05/02/2022 07:00:09 AM
09/10/2021 12:00:00 AM,2,634,05/02/2022 04:30:00 AM,05/02/2022 07:00:09 AM
09/13/2021 12:00:00 AM,0,639,05/02/2022 04:30:00 AM,05/02/2022 07:00:09 AM
09/16/2021 12:00:00 AM,0,641,05/02/2022 04:30:00 AM,05/02/2022 07:00:09 AM
09/19/2021 12:00:00 AM,2,644,05/02/2022 04:30:00 AM,05/02/2022 07:00:09 AM
09/22/2021 12:00:00 AM,0,645,05/02/2022 04:30:00 AM,05/02/2022 07:00:09 AM
09/25/2021 12:00:00 AM,2,650,05/02/2022 04:30:00 AM,05/02/2022 07:00:09 AM
09/28/2021 12:00:00 AM,0,653,05/02/2022 04:30:00 AM,05/02/2022 07:00:09 AM
10/01/2021 12:00:00 AM,0,654,05/02/2022 04:30:00 AM,05/02/2022 07:00:09 AM
10/04/2021 12:00:00 AM,1,657,05/02/2022 04:30:00 AM,05/02/2022 07:00:09 AM
10/07/2021 12:00:00 AM,2,659,05/02/2022 04:30:00 AM,05/02/2022 07:00:09 AM
10/10/2021 12:00:00 AM,2,662,05/02/2022 04:30:00 AM,05/02/2022 07:00:09 AM
10/13/2021 12:00:00 AM,0,663,05/02/2022 04:30:00 AM,05/02/2022 07:00:09 AM
10/16/2021 12:00:00 AM,1,665,05/02/2022 04:30:00 AM,05/02/2022 07:00:09 AM
10/19/2021 12:00:00 AM,1,670,05/02/2022 04:30:00 AM,05/02/2022 07:00:09 AM
10/22/2021 12:00:00 AM,0,672,05/02/2022 04:30:00 AM,05/02/2022 07:00:09 AM
10/25/2021 12:00:00 AM,1,673,05/02/2022 04:30:00 AM,05/02/2022 07:00:09 AM
10/28/2021 12:00:00 AM,0,673,05/02/2022 04:30:00 AM,05/02/2022 07:00:09 AM
10/31/2021 12:00:00 AM,0,673,05/02/2022 04:30:00 AM,05/02/2022 07:00:09 AM
11/03/2021 12:00:00 AM,0,673,05/02/2022 04:30:00 AM,05/02/2022 07:00:09 AM
11/06/2021 12:00:00 AM,0,674,05/02/2022 04:30:00 AM,05/02/2022 07:00:09 AM
11/09/2021 12:00:00 AM,0,675,05/02/2022 04:30:00 AM,05/02/2022 07:00:09 AM
11/12/2021 12:00:00 AM,1,676,05/02/2022 04:30:00 AM,05/02/2022 07:00:09 AM
11/15/2021 12:00:00 AM,2,678,05/02/2022 04:30:00 AM,05/02/2022 07:00:09 AM
11/18/2021 12:00:00 AM,2,680,05/02/2022 04:30:00 AM,05/02/2022 07:00:09 AM
11/21/2021 12:00:00 AM,1,681,05/02/2022 04:30:00 AM,05/02/2022 07:00:09 AM
11/24/2021 12:00:00 AM,0,681,05/02/2022 04:30:00 AM,05/02/2022 07:00:09 AM
11/27/2021 12:00:00 AM,0,681,05/02/2022 04:30:00 AM,05/02/2022 07:00:09 AM
11/30/2021 12:00:00 AM,0,681,05/02/2022 04:30:00 AM,05/02/2022 07:00:09 AM
12/03/2021 12:00:00 AM,2,684,05/02/2022 04:30:00 AM,05/02/2022 07:00:09 AM
12/06/2021 12:00:00 AM,0,684,05/02/2022 04:30:00 AM,05/02/2022 07:00:09 AM
12/09/2021 12:00:00 AM,0,686,05/02/2022 04:30:00 AM,05/02/2022 07:00:09 AM
12/12/2021 12:00:00 AM,1,687,05/02/2022 04:30:00 AM,05/02/2022 07:00:09 AM
12/15/2021 12:00:00 AM,0,688,05/02/2022 04:30:00 AM,05/02/2022 07:00:09 AM
12/18/2021 12:00:00 AM,1,689,05/02/2022 04:30:00 AM,05/02/2022 07:00:09 AM
12/21/2021 12:00:00 AM,0,691,05/02/2022 04:30:00 AM,05/02/2022 07:00:09 AM
12/24/2021 12:00:00 AM,0,691,05/02/2022 04:30:00 AM,05/02/2022 07:00:09 AM
12/27/2021 12:00:00 AM,1,692,05/02/2022 04:30:00 AM,05/02/2022 07:00:09 AM
12/30/2021 12:00:00 AM,0,693,05/02/2022 04:30:00 AM,05/02/2022 07:00:09 AM
01/02/2022 12:00:00 AM,0,696,05/02/2022 04:30:00 AM,05/02/2022 07:00:09 AM
01/05/2022 12:00:00 AM,2,700,05/02/2022 04:30:00 AM,05/02/2022 07:00:09 AM
01/08/2022 12:00:00 AM,2,705,05/02/2022 04:30:00 AM,05/02/2022 07:00:09 AM
01/11/2022 12:00:00 AM,3,712,05/02/2022 04:30:00 AM,05/02/2022 07:00:09 AM
01/14/2022 12:00:00 AM,2,718,05/02/2022 04:30:00 AM,05/02/2022 07:00:09 AM
01/17/2022 12:00:00 AM,1,723,05/02/2022 04:30:00 AM,05/02/2022 07:00:09 AM
01/20/2022 12:00:00 AM,2,728,05/02/2022 04:30:00 AM,05/02/2022 07:00:09 AM
01/23/2022 12:00:00 AM,3,738,05/02/2022 04:30:00 AM,05/02/2022 07:00:09 AM
01/26/2022 12:00:00 AM,3,748,05/02/2022 04:30:00 AM,05/02/2022 07:00:09 AM
01/29/2022 12:00:00 AM,4,755,05/02/2022 04:30:00 AM,05/02/2022 07:00:09 AM
02/01/2022 12:00:00 AM,3,767,05/02/2022 04:30:00 AM,05/02/2022 07:00:09 AM
02/04/2022 12:00:00 AM,9,781,05/02/2022 04:30:00 AM,05/02/2022 07:00:09 AM
02/07/2022 12:00:00 AM,3,788,05/02/2022 04:30:00 AM,05/02/2022 07:00:09 AM
02/10/2022 12:00:00 AM,2,797,05/02/2022 04:30:00 AM,05/02/2022 07:00:09 AM
02/13/2022 12:00:00 AM,4,811,05/02/2022 04:30:00 AM,05/02/2022 07:00:09 AM
02/16/2022 12:00:00 AM,0,814,05/02/2022 04:30:00 AM,05/02/2022 07:00:09 AM
02/19/2022 12:00:00 AM,0,818,05/02/2022 04:30:00 AM,05/02/2022 07:00:09 AM
02/22/2022 12:00:00 AM,2,825,05/02/2022 04:30:00 AM,05/02/2022 07:00:09 AM
02/25/2022 12:00:00 AM,1,832,05/02/2022 04:30:00 AM,05/02/2022 07:00:09 AM
02/28/2022 12:00:00 AM,3,837,05/02/2022 04:30:00 AM,05/02/2022 07:00:09 AM
03/03/2022 12:00:00 AM,3,841,05/02/2022 04:30:00 AM,05/02/2022 07:00:09 AM
03/06/2022 12:00:00 AM,0,842,05/02/2022 04:30:00 AM,05/02/2022 07:00:09 AM
03/09/2022 12:00:00 AM,0,844,05/02/2022 04:30:00 AM,05/02/2022 07:00:09 AM
03/12/2022 12:00:00 AM,2,847,05/02/2022 04:30:00 AM,05/02/2022 07:00:09 AM
03/15/2022 12:00:00 AM,1,849,05/02/2022 04:30:00 AM,05/02/2022 07:00:09 AM
03/18/2022 12:00:00 AM,0,850,05/02/2022 04:30:00 AM,05/02/2022 07:00:09 AM
03/21/2022 12:00:00 AM,1,851,05/02/2022 04:30:00 AM,05/02/2022 07:00:09 AM
03/24/2022 12:00:00 AM,0,852,05/02/2022 04:30:00 AM,05/02/2022 07:00:09 AM
03/27/2022 12:00:00 AM,0,852,05/02/2022 04:30:00 AM,05/02/2022 07:00:09 AM
03/30/2022 12:00:00 AM,0,856,05/02/2022 04:30:00 AM,05/02/2022 07:00:09 AM
04/02/2022 12:00:00 AM,0,856,05/02/2022 04:30:00 AM,05/02/2022 07:00:09 AM
04/05/2022 12:00:00 AM,4,861,05/02/2022 04:30:00 AM,05/02/2022 07:00:09 AM
04/08/2022 12:00:00 AM,0,861,05/02/2022 04:30:00 AM,05/02/2022 07:00:09 AM
04/11/2022 12:00:00 AM,0,861,05/02/2022 04:30:00 AM,05/02/2022 07:00:09 AM
04/14/2022 12:00:00 AM,0,862,05/02/2022 04:30:00 AM,05/02/2022 07:00:09 AM
04/17/2022 12:00:00 AM,0,862,05/02/2022 04:30:00 AM,05/02/2022 07:00:09 AM
04/20/2022 12:00:00 AM,0,862,05/02/2022 04:30:00 AM,05/02/2022 07:00:09 AM
03/17/2020 12:00:00 AM,1,1,05/02/2022 04:30:00 AM,05/02/2022 07:00:09 AM
03/20/2020 12:00:00 AM,0,1,05/02/2022 04:30:00 AM,05/02/2022 07:00:09 AM
03/23/2020 12:00:00 AM,0,1,05/02/2022 04:30:00 AM,05/02/2022 07:00:09 AM
03/26/2020 12:00:00 AM,3,5,05/02/2022 04:30:00 AM,05/02/2022 07:00:09 AM
03/29/2020 12:00:00 AM,0,7,05/02/2022 04:30:00 AM,05/02/2022 07:00:09 AM
04/01/2020 12:00:00 AM,3,12,05/02/2022 04:30:00 AM,05/02/2022 07:00:09 AM
04/04/2020 12:00:00 AM,0,12,05/02/2022 04:30:00 AM,05/02/2022 07:00:09 AM
04/07/2020 12:00:00 AM,1,15,05/02/2022 04:30:00 AM,05/02/2022 07:00:09 AM
04/10/2020 12:00:00 AM,2,18,05/02/2022 04:30:00 AM,05/02/2022 07:00:09 AM
04/13/2020 12:00:00 AM,1,20,05/02/2022 04:30:00 AM,05/02/2022 07:00:09 AM
04/16/2020 12:00:00 AM,1,25,05/02/2022 04:30:00 AM,05/02/2022 07:00:09 AM
04/19/2020 12:00:00 AM,1,27,05/02/2022 04:30:00 AM,05/02/2022 07:00:09 AM
04/22/2020 12:00:00 AM,1,28,05/02/2022 04:30:00 AM,05/02/2022 07:00:09 AM
04/25/2020 12:00:00 AM,1,30,05/02/2022 04:30:00 AM,05/02/2022 07:00:09 AM
04/28/2020 12:00:00 AM,1,31,05/02/2022 04:30:00 AM,05/02/2022 07:00:09 AM
05/01/2020 12:00:00 AM,1,36,05/02/2022 04:30:00 AM,05/02/2022 07:00:09 AM
05/04/2020 12:00:00 AM,0,36,05/02/2022 04:30:00 AM,05/02/2022 07:00:09 AM
05/07/2020 12:00:00 AM,0,36,05/02/2022 04:30:00 AM,05/02/2022 07:00:09 AM
05/10/2020 12:00:00 AM,0,41,05/02/2022 04:30:00 AM,05/02/2022 07:00:09 AM
05/13/2020 12:00:00 AM,0,42,05/02/2022 04:30:00 AM,05/02/2022 07:00:09 AM
05/16/2020 12:00:00 AM,0,43,05/02/2022 04:30:00 AM,05/02/2022 07:00:09 AM
05/19/2020 12:00:00 AM,0,45,05/02/2022 04:30:00 AM,05/02/2022 07:00:09 AM
05/22/2020 12:00:00 AM,0,45,05/02/2022 04:30:00 AM,05/02/2022 07:00:09 AM
05/25/2020 12:00:00 AM,0,45,05/02/2022 04:30:00 AM,05/02/2022 07:00:09 AM
05/28/2020 12:00:00 AM,0,46,05/02/2022 04:30:00 AM,05/02/2022 07:00:09 AM
05/31/2020 12:00:00 AM,1,48,05/02/2022 04:30:00 AM,05/02/2022 07:00:09 AM
06/03/2020 12:00:00 AM,0,48,05/02/2022 04:30:00 AM,05/02/2022 07:00:09 AM
06/06/2020 12:00:00 AM,0,49,05/02/2022 04:30:00 AM,05/02/2022 07:00:09 AM
06/09/2020 12:00:00 AM,0,49,05/02/2022 04:30:00 AM,05/02/2022 07:00:09 AM
06/12/2020 12:00:00 AM,1,50,05/02/2022 04:30:00 AM,05/02/2022 07:00:09 AM
06/15/2020 12:00:00 AM,0,51,05/02/2022 04:30:00 AM,05/02/2022 07:00:09 AM
06/18/2020 12:00:00 AM,1,52,05/02/2022 04:30:00 AM,05/02/2022 07:00:09 AM
06/21/2020 12:00:00 AM,0,52,05/02/2022 04:30:00 AM,05/02/2022 07:00:09 AM
06/24/2020 12:00:00 AM,0,52,05/02/2022 04:30:00 AM,05/02/2022 07:00:09 AM
06/27/2020 12:00:00 AM,0,52,05/02/2022 04:30:00 AM,05/02/2022 07:00:09 AM
06/30/2020 12:00:00 AM,0,52,05/02/2022 04:30:00 AM,05/02/2022 07:00:09 AM
07/03/2020 12:00:00 AM,0,52,05/02/2022 04:30:00 AM,05/02/2022 07:00:09 AM
07/06/2020 12:00:00 AM,1,54,05/02/2022 04:30:00 AM,05/02/2022 07:00:09 AM
07/09/2020 12:00:00 AM,0,54,05/02/2022 04:30:00 AM,05/02/2022 07:00:09 AM
07/12/2020 12:00:00 AM,1,55,05/02/2022 04:30:00 AM,05/02/2022 07:00:09 AM
07/15/2020 12:00:00 AM,1,58,05/02/2022 04:30:00 AM,05/02/2022 07:00:09 AM
07/18/2020 12:00:00 AM,1,61,05/02/2022 04:30:00 AM,05/02/2022 07:00:09 AM
07/21/2020 12:00:00 AM,1,62,05/02/2022 04:30:00 AM,05/02/2022 07:00:09 AM
07/24/2020 12:00:00 AM,0,64,05/02/2022 04:30:00 AM,05/02/2022 07:00:09 AM
07/27/2020 12:00:00 AM,1,66,05/02/2022 04:30:00 AM,05/02/2022 07:00:09 AM
07/30/2020 12:00:00 AM,0,70,05/02/2022 04:30:00 AM,05/02/2022 07:00:09 AM
08/02/2020 12:00:00 AM,0,73,05/02/2022 04:30:00 AM,05/02/2022 07:00:09 AM
08/05/2020 12:00:00 AM,1,75,05/02/2022 04:30:00 AM,05/02/2022 07:00:09 AM
08/08/2020 12:00:00 AM,0,77,05/02/2022 04:30:00 AM,05/02/2022 07:00:09 AM
08/11/2020 12:00:00 AM,0,80,05/02/2022 04:30:00 AM,05/02/2022 07:00:09 AM
08/14/2020 12:00:00 AM,1,83,05/02/2022 04:30:00 AM,05/02/2022 07:00:09 AM
08/17/2020 12:00:00 AM,0,85,05/02/2022 04:30:00 AM,05/02/2022 07:00:09 AM
08/20/2020 12:00:00 AM,2,88,05/02/2022 04:30:00 AM,05/02/2022 07:00:09 AM
08/23/2020 12:00:00 AM,0,89,05/02/2022 04:30:00 AM,05/02/2022 07:00:09 AM
08/26/2020 12:00:00 AM,1,90,05/02/2022 04:30:00 AM,05/02/2022 07:00:09 AM
08/29/2020 12:00:00 AM,1,92,05/02/2022 04:30:00 AM,05/02/2022 07:00:09 AM
09/01/2020 12:00:00 AM,1,95,05/02/2022 04:30:00 AM,05/02/2022 07:00:09 AM
09/04/2020 12:00:00 AM,0,97,05/02/2022 04:30:00 AM,05/02/2022 07:00:09 AM
09/07/2020 12:00:00 AM,1,102,05/02/2022 04:30:00 AM,05/02/2022 07:00:09 AM
09/10/2020 12:00:00 AM,4,109,05/02/2022 04:30:00 AM,05/02/2022 07:00:09 AM
09/13/2020 12:00:00 AM,0,111,05/02/2022 04:30:00 AM,05/02/2022 07:00:09 AM
09/16/2020 12:00:00 AM,1,112,05/02/2022 04:30:00 AM,05/02/2022 07:00:09 AM
09/19/2020 12:00:00 AM,0,116,05/02/2022 04:30:00 AM,05/02/2022 07:00:09 AM
09/22/2020 12:00:00 AM,3,120,05/02/2022 04:30:00 AM,05/02/2022 07:00:09 AM
09/25/2020 12:00:00 AM,2,125,05/02/2022 04:30:00 AM,05/02/2022 07:00:09 AM
09/28/2020 12:00:00 AM,3,128,05/02/2022 04:30:00 AM,05/02/2022 07:00:09 AM
10/01/2020 12:00:00 AM,5,134,05/02/2022 04:30:00 AM,05/02/2022 07:00:09 AM
10/04/2020 12:00:00 AM,5,141,05/02/2022 04:30:00 AM,05/02/2022 07:00:09 AM
10/07/2020 12:00:00 AM,0,143,05/02/2022 04:30:00 AM,05/02/2022 07:00:09 AM
10/10/2020 12:00:00 AM,3,153,05/02/2022 04:30:00 AM,05/02/2022 07:00:09 AM
10/13/2020 12:00:00 AM,0,154,05/02/2022 04:30:00 AM,05/02/2022 07:00:09 AM
10/16/2020 12:00:00 AM,0,155,05/02/2022 04:30:00 AM,05/02/2022 07:00:09 AM
10/19/2020 12:00:00 AM,2,158,05/02/2022 04:30:00 AM,05/02/2022 07:00:09 AM
10/22/2020 12:00:00 AM,0,158,05/02/2022 04:30:00 AM,05/02/2022 07:00:09 AM
10/25/2020 12:00:00 AM,0,160,05/02/2022 04:30:00 AM,05/02/2022 07:00:09 AM
10/28/2020 12:00:00 AM,0,160,05/02/2022 04:30:00 AM,05/02/2022 07:00:09 AM
10/31/2020 12:00:00 AM,0,160,05/02/2022 04:30:00 AM,05/02/2022 07:00:09 AM
11/03/2020 12:00:00 AM,0,161,05/02/2022 04:30:00 AM,05/02/2022 07:00:09 AM
11/06/2020 12:00:00 AM,0,161,05/02/2022 04:30:00 AM,05/02/2022 07:00:09 AM
11/09/2020 12:00:00 AM,2,163,05/02/2022 04:30:00 AM,05/02/2022 07:00:09 AM
11/12/2020 12:00:00 AM,1,164,05/02/2022 04:30:00 AM,05/02/2022 07:00:09 AM
11/15/2020 12:00:00 AM,1,166,05/02/2022 04:30:00 AM,05/02/2022 07:00:09 AM
11/18/2020 12:00:00 AM,1,168,05/02/2022 04:30:00 AM,05/02/2022 07:00:09 AM
11/21/2020 12:00:00 AM,0,168,05/02/2022 04:30:00 AM,05/02/2022 07:00:09 AM
11/24/2020 12:00:00 AM,1,170,05/02/2022 04:30:00 AM,05/02/2022 07:00:09 AM
11/27/2020 12:00:00 AM,0,170,05/02/2022 04:30:00 AM,05/02/2022 07:00:09 AM
11/30/2020 12:00:00 AM,1,173,05/02/2022 04:30:00 AM,05/02/2022 07:00:09 AM
12/03/2020 12:00:00 AM,1,175,05/02/2022 04:30:00 AM,05/02/2022 07:00:09 AM
12/06/2020 12:00:00 AM,0,177,05/02/2022 04:30:00 AM,05/02/2022 07:00:09 AM
12/09/2020 12:00:00 AM,2,180,05/02/2022 04:30:00 AM,05/02/2022 07:00:09 AM
12/12/2020 12:00:00 AM,1,186,05/02/2022 04:30:00 AM,05/02/2022 07:00:09 AM
12/15/2020 12:00:00 AM,3,192,05/02/2022 04:30:00 AM,05/02/2022 07:00:09 AM
12/18/2020 12:00:00 AM,3,202,05/02/2022 04:30:00 AM,05/02/2022 07:00:09 AM
12/21/2020 12:00:00 AM,1,207,05/02/2022 04:30:00 AM,05/02/2022 07:00:09 AM
12/24/2020 12:00:00 AM,8,223,05/02/2022 04:30:00 AM,05/02/2022 07:00:09 AM
12/27/2020 12:00:00 AM,4,237,05/02/2022 04:30:00 AM,05/02/2022 07:00:09 AM
12/30/2020 12:00:00 AM,6,254,05/02/2022 04:30:00 AM,05/02/2022 07:00:09 AM
01/02/2021 12:00:00 AM,9,274,05/02/2022 04:30:00 AM,05/02/2022 07:00:09 AM
01/05/2021 12:00:00 AM,2,283,05/02/2022 04:30:00 AM,05/02/2022 07:00:09 AM
01/08/2021 12:00:00 AM,7,304,05/02/2022 04:30:00 AM,05/02/2022 07:00:10 AM
01/11/2021 12:00:00 AM,6,319,05/02/2022 04:30:00 AM,05/02/2022 07:00:10 AM
01/14/2021 12:00:00 AM,9,343,05/02/2022 04:30:00 AM,05/02/2022 07:00:10 AM
01/17/2021 12:00:00 AM,2,360,05/02/2022 04:30:00 AM,05/02/2022 07:00:10 AM
01/20/2021 12:00:00 AM,5,373,05/02/2022 04:30:00 AM,05/02/2022 07:00:10 AM
01/23/2021 12:00:00 AM,3,393,05/02/2022 04:30:00 AM,05/02/2022 07:00:10 AM
01/26/2021 12:00:00 AM,2,401,05/02/2022 04:30:00 AM,05/02/2022 07:00:10 AM
01/29/2021 12:00:00 AM,5,415,05/02/2022 04:30:00 AM,05/02/2022 07:00:10 AM
02/01/2021 12:00:00 AM,3,429,05/02/2022 04:30:00 AM,05/02/2022 07:00:10 AM
02/04/2021 12:00:00 AM,8,444,05/02/2022 04:30:00 AM,05/02/2022 07:00:10 AM
02/07/2021 12:00:00 AM,2,459,05/02/2022 04:30:00 AM,05/02/2022 07:00:10 AM
02/10/2021 12:00:00 AM,9,478,05/02/2022 04:30:00 AM,05/02/2022 07:00:10 AM
02/13/2021 12:00:00 AM,4,490,05/02/2022 04:30:00 AM,05/02/2022 07:00:10 AM
02/16/2021 12:00:00 AM,5,502,05/02/2022 04:30:00 AM,05/02/2022 07:00:10 AM
02/19/2021 12:00:00 AM,1,508,05/02/2022 04:30:00 AM,05/02/2022 07:00:10 AM
02/22/2021 12:00:00 AM,5,515,05/02/2022 04:30:00 AM,05/02/2022 07:00:10 AM
02/25/2021 12:00:00 AM,0,521,05/02/2022 04:30:00 AM,05/02/2022 07:00:10 AM
02/28/2021 12:00:00 AM,1,524,05/02/2022 04:30:00 AM,05/02/2022 07:00:10 AM
03/03/2021 12:00:00 AM,2,526,05/02/2022 04:30:00 AM,05/02/2022 07:00:10 AM
03/06/2021 12:00:00 AM,2,530,05/02/2022 04:30:00 AM,05/02/2022 07:00:10 AM
03/09/2021 12:00:00 AM,1,531,05/02/2022 04:30:00 AM,05/02/2022 07:00:10 AM
03/12/2021 12:00:00 AM,0,533,05/02/2022 04:30:00 AM,05/02/2022 07:00:10 AM
03/15/2021 12:00:00 AM,0,534,05/02/2022 04:30:00 AM,05/02/2022 07:00:10 AM
03/18/2021 12:00:00 AM,1,535,05/02/2022 04:30:00 AM,05/02/2022 07:00:10 AM
03/21/2021 12:00:00 AM,2,538,05/02/2022 04:30:00 AM,05/02/2022 07:00:10 AM
03/24/2021 12:00:00 AM,3,542,05/02/2022 04:30:00 AM,05/02/2022 07:00:10 AM
03/27/2021 12:00:00 AM,3,547,05/02/2022 04:30:00 AM,05/02/2022 07:00:10 AM
03/30/2021 12:00:00 AM,0,547,05/02/2022 04:30:00 AM,05/02/2022 07:00:10 AM
04/02/2021 12:00:00 AM,1,548,05/02/2022 04:30:00 AM,05/02/2022 07:00:10 AM
04/05/2021 12:00:00 AM,0,548,05/02/2022 04:30:00 AM,05/02/2022 07:00:10 AM
04/08/2021 12:00:00 AM,0,548,05/02/2022 04:30:00 AM,05/02/2022 07:00:10 AM
04/11/2021 12:00:00 AM,0,550,05/02/2022 04:30:00 AM,05/02/2022 07:00:10 AM
04/14/2021 12:00:00 AM,0,550,05/02/2022 04:30:00 AM,05/02/2022 07:00:10 AM
04/17/2021 12:00:00 AM,0,551,05/02/2022 04:30:00 AM,05/02/2022 07:00:10 AM
04/20/2021 12:00:00 AM,0,552,05/02/2022 04:30:00 AM,05/02/2022 07:00:10 AM
04/23/2021 12:00:00 AM,1,553,05/02/2022 04:30:00 AM,05/02/2022 07:00:10 AM
04/26/2021 12:00:00 AM,1,555,05/02/2022 04:30:00 AM,05/02/2022 07:00:10 AM
04/29/2021 12:00:00 AM,1,558,05/02/2022 04:30:00 AM,05/02/2022 07:00:10 AM
05/02/2021 12:00:00 AM,0,558,05/02/2022 04:30:00 AM,05/02/2022 07:00:10 AM
05/05/2021 12:00:00 AM,0,558,05/02/2022 04:30:00 AM,05/02/2022 07:00:10 AM
05/08/2021 12:00:00 AM,0,561,05/02/2022 04:30:00 AM,05/02/2022 07:00:10 AM
05/11/2021 12:00:00 AM,0,561,05/02/2022 04:30:00 AM,05/02/2022 07:00:10 AM
05/14/2021 12:00:00 AM,0,562,05/02/2022 04:30:00 AM,05/02/2022 07:00:10 AM
05/17/2021 12:00:00 AM,0,562,05/02/2022 04:30:00 AM,05/02/2022 07:00:10 AM
05/20/2021 12:00:00 AM,0,562,05/02/2022 04:30:00 AM,05/02/2022 07:00:10 AM
05/23/2021 12:00:00 AM,1,563,05/02/2022 04:30:00 AM,05/02/2022 07:00:10 AM
05/26/2021 12:00:00 AM,0,563,05/02/2022 04:30:00 AM,05/02/2022 07:00:10 AM
05/29/2021 12:00:00 AM,0,563,05/02/2022 04:30:00 AM,05/02/2022 07:00:10 AM
06/01/2021 12:00:00 AM,0,563,05/02/2022 04:30:00 AM,05/02/2022 07:00:10 AM
06/04/2021 12:00:00 AM,3,566,05/02/2022 04:30:00 AM,05/02/2022 07:00:10 AM
06/07/2021 12:00:00 AM,0,566,05/02/2022 04:30:00 AM,05/02/2022 07:00:10 AM
06/10/2021 12:00:00 AM,0,567,05/02/2022 04:30:00 AM,05/02/2022 07:00:10 AM
06/13/2021 12:00:00 AM,0,568,05/02/2022 04:30:00 AM,05/02/2022 07:00:10 AM
06/16/2021 12:00:00 AM,0,568,05/02/2022 04:30:00 AM,05/02/2022 07:00:10 AM
06/19/2021 12:00:00 AM,0,568,05/02/2022 04:30:00 AM,05/02/2022 07:00:10 AM
06/22/2021 12:00:00 AM,0,568,05/02/2022 04:30:00 AM,05/02/2022 07:00:10 AM
06/25/2021 12:00:00 AM,0,568,05/02/2022 04:30:00 AM,05/02/2022 07:00:10 AM
06/28/2021 12:00:00 AM,0,568,05/02/2022 04:30:00 AM,05/02/2022 07:00:10 AM
07/01/2021 12:00:00 AM,0,568,05/02/2022 04:30:00 AM,05/02/2022 07:00:10 AM
07/04/2021 12:00:00 AM,0,569,05/02/2022 04:30:00 AM,05/02/2022 07:00:10 AM
07/07/2021 12:00:00 AM,0,569,05/02/2022 04:30:00 AM,05/02/2022 07:00:10 AM
07/10/2021 12:00:00 AM,1,570,05/02/2022 04:30:00 AM,05/02/2022 07:00:10 AM
07/13/2021 12:00:00 AM,1,571,05/02/2022 04:30:00 AM,05/02/2022 07:00:10 AM
07/16/2021 12:00:00 AM,2,573,05/02/2022 04:30:00 AM,05/02/2022 07:00:10 AM
07/19/2021 12:00:00 AM,2,575,05/02/2022 04:30:00 AM,05/02/2022 07:00:10 AM
07/22/2021 12:00:00 AM,1,576,05/02/2022 04:30:00 AM,05/02/2022 07:00:10 AM
07/25/2021 12:00:00 AM,0,576,05/02/2022 04:30:00 AM,05/02/2022 07:00:10 AM
07/28/2021 12:00:00 AM,0,577,05/02/2022 04:30:00 AM,05/02/2022 07:00:10 AM
07/31/2021 12:00:00 AM,0,580,05/02/2022 04:30:00 AM,05/02/2022 07:00:10 AM
08/03/2021 12:00:00 AM,2,582,05/02/2022 04:30:00 AM,05/02/2022 07:00:10 AM
08/06/2021 12:00:00 AM,0,584,05/02/2022 04:30:00 AM,05/02/2022 07:00:10 AM
08/09/2021 12:00:00 AM,1,586,05/02/2022 04:30:00 AM,05/02/2022 07:00:10 AM
08/12/2021 12:00:00 AM,1,588,05/02/2022 04:30:00 AM,05/02/2022 07:00:10 AM
08/15/2021 12:00:00 AM,2,595,05/02/2022 04:30:00 AM,05/02/2022 07:00:10 AM
08/18/2021 12:00:00 AM,0,599,05/02/2022 04:30:00 AM,05/02/2022 07:00:10 AM
08/21/2021 12:00:00 AM,1,602,05/02/2022 04:30:00 AM,05/02/2022 07:00:10 AM
08/24/2021 12:00:00 AM,4,609,05/02/2022 04:30:00 AM,05/02/2022 07:00:10 AM
08/27/2021 12:00:00 AM,1,611,05/02/2022 04:30:00 AM,05/02/2022 07:00:10 AM
08/30/2021 12:00:00 AM,1,615,05/02/2022 04:30:00 AM,05/02/2022 07:00:10 AM
09/02/2021 12:00:00 AM,0,617,05/02/2022 04:30:00 AM,05/02/2022 07:00:10 AM
09/05/2021 12:00:00 AM,2,623,05/02/2022 04:30:00 AM,05/02/2022 07:00:10 AM
09/08/2021 12:00:00 AM,2,629,05/02/2022 04:30:00 AM,05/02/2022 07:00:10 AM
09/11/2021 12:00:00 AM,3,637,05/02/2022 04:30:00 AM,05/02/2022 07:00:10 AM
09/14/2021 12:00:00 AM,1,640,05/02/2022 04:30:00 AM,05/02/2022 07:00:10 AM
09/17/2021 12:00:00 AM,0,641,05/02/2022 04:30:00 AM,05/02/2022 07:00:10 AM
09/20/2021 12:00:00 AM,1,645,05/02/2022 04:30:00 AM,05/02/2022 07:00:10 AM
09/23/2021 12:00:00 AM,2,647,05/02/2022 04:30:00 AM,05/02/2022 07:00:10 AM
09/26/2021 12:00:00 AM,0,650,05/02/2022 04:30:00 AM,05/02/2022 07:00:10 AM
09/29/2021 12:00:00 AM,1,654,05/02/2022 04:30:00 AM,05/02/2022 07:00:10 AM
10/02/2021 12:00:00 AM,1,655,05/02/2022 04:30:00 AM,05/02/2022 07:00:10 AM
10/05/2021 12:00:00 AM,0,657,05/02/2022 04:30:00 AM,05/02/2022 07:00:10 AM
10/08/2021 12:00:00 AM,0,659,05/02/2022 04:30:00 AM,05/02/2022 07:00:10 AM
10/11/2021 12:00:00 AM,0,662,05/02/2022 04:30:00 AM,05/02/2022 07:00:10 AM
10/14/2021 12:00:00 AM,0,663,05/02/2022 04:30:00 AM,05/02/2022 07:00:10 AM
10/17/2021 12:00:00 AM,3,668,05/02/2022 04:30:00 AM,05/02/2022 07:00:10 AM
10/20/2021 12:00:00 AM,1,671,05/02/2022 04:30:00 AM,05/02/2022 07:00:10 AM
10/23/2021 12:00:00 AM,0,672,05/02/2022 04:30:00 AM,05/02/2022 07:00:10 AM
10/26/2021 12:00:00 AM,0,673,05/02/2022 04:30:00 AM,05/02/2022 07:00:10 AM
10/29/2021 12:00:00 AM,0,673,05/02/2022 04:30:00 AM,05/02/2022 07:00:10 AM
11/01/2021 12:00:00 AM,0,673,05/02/2022 04:30:00 AM,05/02/2022 07:00:10 AM
11/04/2021 12:00:00 AM,1,674,05/02/2022 04:30:00 AM,05/02/2022 07:00:10 AM
11/07/2021 12:00:00 AM,1,675,05/02/2022 04:30:00 AM,05/02/2022 07:00:10 AM
11/10/2021 12:00:00 AM,0,675,05/02/2022 04:30:00 AM,05/02/2022 07:00:10 AM
11/13/2021 12:00:00 AM,0,676,05/02/2022 04:30:00 AM,05/02/2022 07:00:10 AM
11/16/2021 12:00:00 AM,0,678,05/02/2022 04:30:00 AM,05/02/2022 07:00:10 AM
11/19/2021 12:00:00 AM,0,680,05/02/2022 04:30:00 AM,05/02/2022 07:00:10 AM
11/22/2021 12:00:00 AM,0,681,05/02/2022 04:30:00 AM,05/02/2022 07:00:10 AM
11/25/2021 12:00:00 AM,0,681,05/02/2022 04:30:00 AM,05/02/2022 07:00:10 AM
11/28/2021 12:00:00 AM,0,681,05/02/2022 04:30:00 AM,05/02/2022 07:00:10 AM
12/01/2021 12:00:00 AM,1,682,05/02/2022 04:30:00 AM,05/02/2022 07:00:10 AM
12/04/2021 12:00:00 AM,0,684,05/02/2022 04:30:00 AM,05/02/2022 07:00:10 AM
12/07/2021 12:00:00 AM,2,686,05/02/2022 04:30:00 AM,05/02/2022 07:00:10 AM
12/10/2021 12:00:00 AM,0,686,05/02/2022 04:30:00 AM,05/02/2022 07:00:10 AM
12/13/2021 12:00:00 AM,1,688,05/02/2022 04:30:00 AM,05/02/2022 07:00:10 AM
12/16/2021 12:00:00 AM,0,688,05/02/2022 04:30:00 AM,05/02/2022 07:00:10 AM
12/19/2021 12:00:00 AM,1,690,05/02/2022 04:30:00 AM,05/02/2022 07:00:10 AM
12/22/2021 12:00:00 AM,0,691,05/02/2022 04:30:00 AM,05/02/2022 07:00:10 AM
12/25/2021 12:00:00 AM,0,691,05/02/2022 04:30:00 AM,05/02/2022 07:00:10 AM
12/28/2021 12:00:00 AM,1,693,05/02/2022 04:30:00 AM,05/02/2022 07:00:10 AM
12/31/2021 12:00:00 AM,0,693,05/02/2022 04:30:00 AM,05/02/2022 07:00:10 AM
01/03/2022 12:00:00 AM,1,697,05/02/2022 04:30:00 AM,05/02/2022 07:00:10 AM
01/06/2022 12:00:00 AM,2,702,05/02/2022 04:30:00 AM,05/02/2022 07:00:10 AM
01/09/2022 12:00:00 AM,3,708,05/02/2022 04:30:00 AM,05/02/2022 07:00:10 AM
01/12/2022 12:00:00 AM,1,713,05/02/2022 04:30:00 AM,05/02/2022 07:00:10 AM
01/15/2022 12:00:00 AM,0,718,05/02/2022 04:30:00 AM,05/02/2022 07:00:10 AM
01/18/2022 12:00:00 AM,2,725,05/02/2022 04:30:00 AM,05/02/2022 07:00:10 AM
01/21/2022 12:00:00 AM,5,733,05/02/2022 04:30:00 AM,05/02/2022 07:00:10 AM
01/24/2022 12:00:00 AM,5,743,05/02/2022 04:30:00 AM,05/02/2022 07:00:10 AM
01/27/2022 12:00:00 AM,1,749,05/02/2022 04:30:00 AM,05/02/2022 07:00:10 AM
01/30/2022 12:00:00 AM,6,761,05/02/2022 04:30:00 AM,05/02/2022 07:00:10 AM
02/02/2022 12:00:00 AM,0,767,05/02/2022 04:30:00 AM,05/02/2022 07:00:10 AM
02/05/2022 12:00:00 AM,4,785,05/02/2022 04:30:00 AM,05/02/2022 07:00:10 AM
02/08/2022 12:00:00 AM,3,791,05/02/2022 04:30:00 AM,05/02/2022 07:00:10 AM
02/11/2022 12:00:00 AM,6,803,05/02/2022 04:30:00 AM,05/02/2022 07:00:10 AM
02/14/2022 12:00:00 AM,1,812,05/02/2022 04:30:00 AM,05/02/2022 07:00:10 AM
02/17/2022 12:00:00 AM,3,817,05/02/2022 04:30:00 AM,05/02/2022 07:00:10 AM
02/20/2022 12:00:00 AM,4,822,05/02/2022 04:30:00 AM,05/02/2022 07:00:10 AM
02/23/2022 12:00:00 AM,3,828,05/02/2022 04:30:00 AM,05/02/2022 07:00:10 AM
02/26/2022 12:00:00 AM,2,834,05/02/2022 04:30:00 AM,05/02/2022 07:00:10 AM
03/01/2022 12:00:00 AM,1,838,05/02/2022 04:30:00 AM,05/02/2022 07:00:10 AM
03/04/2022 12:00:00 AM,1,842,05/02/2022 04:30:00 AM,05/02/2022 07:00:10 AM
03/07/2022 12:00:00 AM,0,842,05/02/2022 04:30:00 AM,05/02/2022 07:00:10 AM
03/10/2022 12:00:00 AM,0,844,05/02/2022 04:30:00 AM,05/02/2022 07:00:10 AM
03/13/2022 12:00:00 AM,0,847,05/02/2022 04:30:00 AM,05/02/2022 07:00:10 AM
03/16/2022 12:00:00 AM,0,849,05/02/2022 04:30:00 AM,05/02/2022 07:00:10 AM
03/19/2022 12:00:00 AM,0,850,05/02/2022 04:30:00 AM,05/02/2022 07:00:10 AM
03/22/2022 12:00:00 AM,1,852,05/02/2022 04:30:00 AM,05/02/2022 07:00:10 AM
03/25/2022 12:00:00 AM,0,852,05/02/2022 04:30:00 AM,05/02/2022 07:00:10 AM
03/28/2022 12:00:00 AM,4,856,05/02/2022 04:30:00 AM,05/02/2022 07:00:10 AM
03/31/2022 12:00:00 AM,0,856,05/02/2022 04:30:00 AM,05/02/2022 07:00:10 AM
04/03/2022 12:00:00 AM,1,857,05/02/2022 04:30:00 AM,05/02/2022 07:00:10 AM
04/06/2022 12:00:00 AM,0,861,05/02/2022 04:30:00 AM,05/02/2022 07:00:10 AM
04/09/2022 12:00:00 AM,0,861,05/02/2022 04:30:00 AM,05/02/2022 07:00:10 AM
04/12/2022 12:00:00 AM,0,861,05/02/2022 04:30:00 AM,05/02/2022 07:00:10 AM
04/15/2022 12:00:00 AM,0,862,05/02/2022 04:30:00 AM,05/02/2022 07:00:10 AM
04/18/2022 12:00:00 AM,0,862,05/02/2022 04:30:00 AM,05/02/2022 07:00:10 AM
04/23/2022 12:00:00 AM,0,862,05/02/2022 04:30:00 AM,05/02/2022 07:00:10 AM
04/26/2022 12:00:00 AM,0,862,05/02/2022 04:30:00 AM,05/02/2022 07:00:10 AM
04/21/2022 12:00:00 AM,0,862,05/02/2022 04:30:00 AM,05/02/2022 07:00:10 AM
04/24/2022 12:00:00 AM,0,862,05/02/2022 04:30:00 AM,05/02/2022 07:00:10 AM
04/27/2022 12:00:00 AM,0,862,05/02/2022 04:30:00 AM,05/02/2022 07:00:10 AM
03/18/2020 12:00:00 AM,0,1,05/02/2022 04:30:00 AM,05/02/2022 07:00:10 AM
03/21/2020 12:00:00 AM,0,1,05/02/2022 04:30:00 AM,05/02/2022 07:00:10 AM
03/24/2020 12:00:00 AM,1,2,05/02/2022 04:30:00 AM,05/02/2022 07:00:10 AM
03/27/2020 12:00:00 AM,2,7,05/02/2022 04:30:00 AM,05/02/2022 07:00:10 AM
03/30/2020 12:00:00 AM,1,8,05/02/2022 04:30:00 AM,05/02/2022 07:00:10 AM
04/02/2020 12:00:00 AM,0,12,05/02/2022 04:30:00 AM,05/02/2022 07:00:10 AM
04/05/2020 12:00:00 AM,1,13,05/02/2022 04:30:00 AM,05/02/2022 07:00:10 AM
04/08/2020 12:00:00 AM,1,16,05/02/2022 04:30:00 AM,05/02/2022 07:00:10 AM
04/11/2020 12:00:00 AM,1,19,05/02/2022 04:30:00 AM,05/02/2022 07:00:10 AM
04/14/2020 12:00:00 AM,3,23,05/02/2022 04:30:00 AM,05/02/2022 07:00:10 AM
04/17/2020 12:00:00 AM,0,25,05/02/2022 04:30:00 AM,05/02/2022 07:00:10 AM
04/20/2020 12:00:00 AM,0,27,05/02/2022 04:30:00 AM,05/02/2022 07:00:10 AM
04/23/2020 12:00:00 AM,1,29,05/02/2022 04:30:00 AM,05/02/2022 07:00:10 AM
04/26/2020 12:00:00 AM,0,30,05/02/2022 04:30:00 AM,05/02/2022 07:00:10 AM
04/29/2020 12:00:00 AM,3,34,05/02/2022 04:30:00 AM,05/02/2022 07:00:10 AM
05/02/2020 12:00:00 AM,0,36,05/02/2022 04:30:00 AM,05/02/2022 07:00:10 AM
05/05/2020 12:00:00 AM,0,36,05/02/2022 04:30:00 AM,05/02/2022 07:00:10 AM
05/08/2020 12:00:00 AM,3,39,05/02/2022 04:30:00 AM,05/02/2022 07:00:10 AM
05/11/2020 12:00:00 AM,0,41,05/02/2022 04:30:00 AM,05/02/2022 07:00:10 AM
05/14/2020 12:00:00 AM,0,42,05/02/2022 04:30:00 AM,05/02/2022 07:00:10 AM
05/17/2020 12:00:00 AM,2,45,05/02/2022 04:30:00 AM,05/02/2022 07:00:10 AM
05/20/2020 12:00:00 AM,0,45,05/02/2022 04:30:00 AM,05/02/2022 07:00:10 AM
05/23/2020 12:00:00 AM,0,45,05/02/2022 04:30:00 AM,05/02/2022 07:00:10 AM
05/26/2020 12:00:00 AM,1,46,05/02/2022 04:30:00 AM,05/02/2022 07:00:10 AM
05/29/2020 12:00:00 AM,1,47,05/02/2022 04:30:00 AM,05/02/2022 07:00:10 AM
06/01/2020 12:00:00 AM,0,48,05/02/2022 04:30:00 AM,05/02/2022 07:00:10 AM
06/04/2020 12:00:00 AM,0,48,05/02/2022 04:30:00 AM,05/02/2022 07:00:10 AM
06/07/2020 12:00:00 AM,0,49,05/02/2022 04:30:00 AM,05/02/2022 07:00:10 AM
06/10/2020 12:00:00 AM,0,49,05/02/2022 04:30:00 AM,05/02/2022 07:00:10 AM
06/13/2020 12:00:00 AM,1,51,05/02/2022 04:30:00 AM,05/02/2022 07:00:10 AM
06/16/2020 12:00:00 AM,0,51,05/02/2022 04:30:00 AM,05/02/2022 07:00:10 AM
06/19/2020 12:00:00 AM,0,52,05/02/2022 04:30:00 AM,05/02/2022 07:00:10 AM
06/22/2020 12:00:00 AM,0,52,05/02/2022 04:30:00 AM,05/02/2022 07:00:10 AM
06/25/2020 12:00:00 AM,0,52,05/02/2022 04:30:00 AM,05/02/2022 07:00:10 AM
06/28/2020 12:00:00 AM,0,52,05/02/2022 04:30:00 AM,05/02/2022 07:00:10 AM
07/01/2020 12:00:00 AM,0,52,05/02/2022 04:30:00 AM,05/02/2022 07:00:10 AM
07/04/2020 12:00:00 AM,0,52,05/02/2022 04:30:00 AM,05/02/2022 07:00:10 AM
07/07/2020 12:00:00 AM,0,54,05/02/2022 04:30:00 AM,05/02/2022 07:00:10 AM
07/10/2020 12:00:00 AM,0,54,05/02/2022 04:30:00 AM,05/02/2022 07:00:10 AM
07/13/2020 12:00:00 AM,1,56,05/02/2022 04:30:00 AM,05/02/2022 07:00:10 AM
07/16/2020 12:00:00 AM,1,59,05/02/2022 04:30:00 AM,05/02/2022 07:00:10 AM
07/19/2020 12:00:00 AM,0,61,05/02/2022 04:30:00 AM,05/02/2022 07:00:10 AM
07/22/2020 12:00:00 AM,1,63,05/02/2022 04:30:00 AM,05/02/2022 07:00:10 AM
07/25/2020 12:00:00 AM,0,64,05/02/2022 04:30:00 AM,05/02/2022 07:00:10 AM
07/28/2020 12:00:00 AM,3,69,05/02/2022 04:30:00 AM,05/02/2022 07:00:10 AM
07/31/2020 12:00:00 AM,0,70,05/02/2022 04:30:00 AM,05/02/2022 07:00:10 AM
08/03/2020 12:00:00 AM,1,74,05/02/2022 04:30:00 AM,05/02/2022 07:00:10 AM
08/06/2020 12:00:00 AM,0,75,05/02/2022 04:30:00 AM,05/02/2022 07:00:10 AM
08/09/2020 12:00:00 AM,1,78,05/02/2022 04:30:00 AM,05/02/2022 07:00:10 AM
08/12/2020 12:00:00 AM,1,81,05/02/2022 04:30:00 AM,05/02/2022 07:00:10 AM
08/15/2020 12:00:00 AM,2,85,05/02/2022 04:30:00 AM,05/02/2022 07:00:10 AM
08/18/2020 12:00:00 AM,1,86,05/02/2022 04:30:00 AM,05/02/2022 07:00:10 AM
08/21/2020 12:00:00 AM,1,89,05/02/2022 04:30:00 AM,05/02/2022 07:00:10 AM
08/24/2020 12:00:00 AM,0,89,05/02/2022 04:30:00 AM,05/02/2022 07:00:10 AM
08/27/2020 12:00:00 AM,1,91,05/02/2022 04:30:00 AM,05/02/2022 07:00:10 AM
08/30/2020 12:00:00 AM,0,92,05/02/2022 04:30:00 AM,05/02/2022 07:00:10 AM
09/02/2020 12:00:00 AM,0,95,05/02/2022 04:30:00 AM,05/02/2022 07:00:10 AM
09/05/2020 12:00:00 AM,3,100,05/02/2022 04:30:00 AM,05/02/2022 07:00:10 AM
09/08/2020 12:00:00 AM,1,103,05/02/2022 04:30:00 AM,05/02/2022 07:00:10 AM
09/11/2020 12:00:00 AM,1,110,05/02/2022 04:30:00 AM,05/02/2022 07:00:10 AM
09/14/2020 12:00:00 AM,0,111,05/02/2022 04:30:00 AM,05/02/2022 07:00:10 AM
09/17/2020 12:00:00 AM,2,114,05/02/2022 04:30:00 AM,05/02/2022 07:00:10 AM
09/20/2020 12:00:00 AM,1,117,05/02/2022 04:30:00 AM,05/02/2022 07:00:10 AM
09/23/2020 12:00:00 AM,1,121,05/02/2022 04:30:00 AM,05/02/2022 07:00:10 AM
09/26/2020 12:00:00 AM,0,125,05/02/2022 04:30:00 AM,05/02/2022 07:00:10 AM
09/29/2020 12:00:00 AM,1,129,05/02/2022 04:30:00 AM,05/02/2022 07:00:10 AM
10/02/2020 12:00:00 AM,2,136,05/02/2022 04:30:00 AM,05/02/2022 07:00:10 AM
10/05/2020 12:00:00 AM,2,143,05/02/2022 04:30:00 AM,05/02/2022 07:00:10 AM
10/08/2020 12:00:00 AM,3,146,05/02/2022 04:30:00 AM,05/02/2022 07:00:10 AM
10/11/2020 12:00:00 AM,1,154,05/02/2022 04:30:00 AM,05/02/2022 07:00:10 AM
10/14/2020 12:00:00 AM,1,155,05/02/2022 04:30:00 AM,05/02/2022 07:00:10 AM
10/17/2020 12:00:00 AM,0,155,05/02/2022 04:30:00 AM,05/02/2022 07:00:10 AM
10/20/2020 12:00:00 AM,0,158,05/02/2022 04:30:00 AM,05/02/2022 07:00:10 AM
10/23/2020 12:00:00 AM,0,158,05/02/2022 04:30:00 AM,05/02/2022 07:00:10 AM
10/26/2020 12:00:00 AM,0,160,05/02/2022 04:30:00 AM,05/02/2022 07:00:10 AM
10/29/2020 12:00:00 AM,0,160,05/02/2022 04:30:00 AM,05/02/2022 07:00:10 AM
11/01/2020 12:00:00 AM,1,161,05/02/2022 04:30:00 AM,05/02/2022 07:00:10 AM
11/04/2020 12:00:00 AM,0,161,05/02/2022 04:30:00 AM,05/02/2022 07:00:10 AM
11/07/2020 12:00:00 AM,0,161,05/02/2022 04:30:00 AM,05/02/2022 07:00:10 AM
11/10/2020 12:00:00 AM,0,163,05/02/2022 04:30:00 AM,05/02/2022 07:00:10 AM
11/13/2020 12:00:00 AM,0,164,05/02/2022 04:30:00 AM,05/02/2022 07:00:10 AM
11/16/2020 12:00:00 AM,0,166,05/02/2022 04:30:00 AM,05/02/2022 07:00:10 AM
11/19/2020 12:00:00 AM,0,168,05/02/2022 04:30:00 AM,05/02/2022 07:00:10 AM
11/22/2020 12:00:00 AM,0,168,05/02/2022 04:30:00 AM,05/02/2022 07:00:10 AM
11/25/2020 12:00:00 AM,0,170,05/02/2022 04:30:00 AM,05/02/2022 07:00:10 AM
11/28/2020 12:00:00 AM,1,171,05/02/2022 04:30:00 AM,05/02/2022 07:00:10 AM
12/01/2020 12:00:00 AM,1,174,05/02/2022 04:30:00 AM,05/02/2022 07:00:10 AM
12/04/2020 12:00:00 AM,1,176,05/02/2022 04:30:00 AM,05/02/2022 07:00:10 AM
12/07/2020 12:00:00 AM,1,178,05/02/2022 04:30:00 AM,05/02/2022 07:00:10 AM
12/10/2020 12:00:00 AM,1,181,05/02/2022 04:30:00 AM,05/02/2022 07:00:10 AM
12/13/2020 12:00:00 AM,2,188,05/02/2022 04:30:00 AM,05/02/2022 07:00:10 AM
12/16/2020 12:00:00 AM,3,195,05/02/2022 04:30:00 AM,05/02/2022 07:00:10 AM
12/19/2020 12:00:00 AM,2,204,05/02/2022 04:30:00 AM,05/02/2022 07:00:10 AM
12/22/2020 12:00:00 AM,5,212,05/02/2022 04:30:00 AM,05/02/2022 07:00:10 AM
12/25/2020 12:00:00 AM,7,230,05/02/2022 04:30:00 AM,05/02/2022 07:00:10 AM
12/28/2020 12:00:00 AM,5,242,05/02/2022 04:30:00 AM,05/02/2022 07:00:10 AM
12/31/2020 12:00:00 AM,7,261,05/02/2022 04:30:00 AM,05/02/2022 07:00:10 AM
01/03/2021 12:00:00 AM,4,278,05/02/2022 04:30:00 AM,05/02/2022 07:00:10 AM
01/06/2021 12:00:00 AM,6,289,05/02/2022 04:30:00 AM,05/02/2022 07:00:10 AM
01/09/2021 12:00:00 AM,4,308,05/02/2022 04:30:00 AM,05/02/2022 07:00:10 AM
01/12/2021 12:00:00 AM,7,326,05/02/2022 04:30:00 AM,05/02/2022 07:00:10 AM
01/15/2021 12:00:00 AM,5,348,05/02/2022 04:30:00 AM,05/02/2022 07:00:10 AM
01/18/2021 12:00:00 AM,2,362,05/02/2022 04:30:00 AM,05/02/2022 07:00:10 AM
01/21/2021 12:00:00 AM,8,381,05/02/2022 04:30:00 AM,05/02/2022 07:00:10 AM
01/24/2021 12:00:00 AM,3,396,05/02/2022 04:30:00 AM,05/02/2022 07:00:10 AM
01/27/2021 12:00:00 AM,2,403,05/02/2022 04:30:00 AM,05/02/2022 07:00:10 AM
01/30/2021 12:00:00 AM,2,417,05/02/2022 04:30:00 AM,05/02/2022 07:00:10 AM
02/02/2021 12:00:00 AM,4,433,05/02/2022 04:30:00 AM,05/02/2022 07:00:10 AM
02/05/2021 12:00:00 AM,8,452,05/02/2022 04:30:00 AM,05/02/2022 07:00:10 AM
02/08/2021 12:00:00 AM,4,463,05/02/2022 04:30:00 AM,05/02/2022 07:00:10 AM
02/11/2021 12:00:00 AM,1,479,05/02/2022 04:30:00 AM,05/02/2022 07:00:10 AM
02/14/2021 12:00:00 AM,1,491,05/02/2022 04:30:00 AM,05/02/2022 07:00:10 AM
02/17/2021 12:00:00 AM,0,502,05/02/2022 04:30:00 AM,05/02/2022 07:00:10 AM
02/20/2021 12:00:00 AM,2,510,05/02/2022 04:30:00 AM,05/02/2022 07:00:10 AM
02/23/2021 12:00:00 AM,3,518,05/02/2022 04:30:00 AM,05/02/2022 07:00:10 AM
02/26/2021 12:00:00 AM,1,522,05/02/2022 04:30:00 AM,05/02/2022 07:00:10 AM
03/01/2021 12:00:00 AM,0,524,05/02/2022 04:30:00 AM,05/02/2022 07:00:10 AM
03/04/2021 12:00:00 AM,2,528,05/02/2022 04:30:00 AM,05/02/2022 07:00:10 AM
03/07/2021 12:00:00 AM,0,530,05/02/2022 04:30:00 AM,05/02/2022 07:00:10 AM
03/10/2021 12:00:00 AM,1,532,05/02/2022 04:30:00 AM,05/02/2022 07:00:10 AM
03/13/2021 12:00:00 AM,0,533,05/02/2022 04:30:00 AM,05/02/2022 07:00:10 AM
03/16/2021 12:00:00 AM,0,534,05/02/2022 04:30:00 AM,05/02/2022 07:00:10 AM
03/19/2021 12:00:00 AM,0,535,05/02/2022 04:30:00 AM,05/02/2022 07:00:10 AM
03/22/2021 12:00:00 AM,1,539,05/02/2022 04:30:00 AM,05/02/2022 07:00:10 AM
03/25/2021 12:00:00 AM,1,543,05/02/2022 04:30:00 AM,05/02/2022 07:00:10 AM
03/28/2021 12:00:00 AM,0,547,05/02/2022 04:30:00 AM,05/02/2022 07:00:10 AM
03/31/2021 12:00:00 AM,0,547,05/02/2022 04:30:00 AM,05/02/2022 07:00:10 AM
04/03/2021 12:00:00 AM,0,548,05/02/2022 04:30:00 AM,05/02/2022 07:00:10 AM
04/06/2021 12:00:00 AM,0,548,05/02/2022 04:30:00 AM,05/02/2022 07:00:10 AM
04/09/2021 12:00:00 AM,1,549,05/02/2022 04:30:00 AM,05/02/2022 07:00:10 AM
04/12/2021 12:00:00 AM,0,550,05/02/2022 04:30:00 AM,05/02/2022 07:00:10 AM
04/15/2021 12:00:00 AM,1,551,05/02/2022 04:30:00 AM,05/02/2022 07:00:10 AM
04/18/2021 12:00:00 AM,0,551,05/02/2022 04:30:00 AM,05/02/2022 07:00:10 AM
04/21/2021 12:00:00 AM,0,552,05/02/2022 04:30:00 AM,05/02/2022 07:00:10 AM
04/24/2021 12:00:00 AM,0,553,05/02/2022 04:30:00 AM,05/02/2022 07:00:10 AM
04/27/2021 12:00:00 AM,2,557,05/02/2022 04:30:00 AM,05/02/2022 07:00:10 AM
04/30/2021 12:00:00 AM,0,558,05/02/2022 04:30:00 AM,05/02/2022 07:00:10 AM
05/03/2021 12:00:00 AM,0,558,05/02/2022 04:30:00 AM,05/02/2022 07:00:10 AM
05/06/2021 12:00:00 AM,2,560,05/02/2022 04:30:00 AM,05/02/2022 07:00:10 AM
05/09/2021 12:00:00 AM,0,561,05/02/2022 04:30:00 AM,05/02/2022 07:00:10 AM
05/12/2021 12:00:00 AM,1,562,05/02/2022 04:30:00 AM,05/02/2022 07:00:10 AM
05/15/2021 12:00:00 AM,0,562,05/02/2022 04:30:00 AM,05/02/2022 07:00:10 AM
05/18/2021 12:00:00 AM,0,562,05/02/2022 04:30:00 AM,05/02/2022 07:00:10 AM
05/21/2021 12:00:00 AM,0,562,05/02/2022 04:30:00 AM,05/02/2022 07:00:10 AM
05/24/2021 12:00:00 AM,0,563,05/02/2022 04:30:00 AM,05/02/2022 07:00:10 AM
05/27/2021 12:00:00 AM,0,563,05/02/2022 04:30:00 AM,05/02/2022 07:00:10 AM
05/30/2021 12:00:00 AM,0,563,05/02/2022 04:30:00 AM,05/02/2022 07:00:10 AM
06/02/2021 12:00:00 AM,0,563,05/02/2022 04:30:00 AM,05/02/2022 07:00:10 AM
06/05/2021 12:00:00 AM,0,566,05/02/2022 04:30:00 AM,05/02/2022 07:00:10 AM
06/08/2021 12:00:00 AM,1,567,05/02/2022 04:30:00 AM,05/02/2022 07:00:10 AM
06/11/2021 12:00:00 AM,1,568,05/02/2022 04:30:00 AM,05/02/2022 07:00:10 AM
06/14/2021 12:00:00 AM,0,568,05/02/2022 04:30:00 AM,05/02/2022 07:00:10 AM
06/17/2021 12:00:00 AM,0,568,05/02/2022 04:30:00 AM,05/02/2022 07:00:10 AM
06/20/2021 12:00:00 AM,0,568,05/02/2022 04:30:00 AM,05/02/2022 07:00:10 AM
06/23/2021 12:00:00 AM,0,568,05/02/2022 04:30:00 AM,05/02/2022 07:00:10 AM
06/26/2021 12:00:00 AM,0,568,05/02/2022 04:30:00 AM,05/02/2022 07:00:10 AM
06/29/2021 12:00:00 AM,0,568,05/02/2022 04:30:00 AM,05/02/2022 07:00:10 AM
07/02/2021 12:00:00 AM,1,569,05/02/2022 04:30:00 AM,05/02/2022 07:00:10 AM
07/05/2021 12:00:00 AM,0,569,05/02/2022 04:30:00 AM,05/02/2022 07:00:10 AM
07/08/2021 12:00:00 AM,0,569,05/02/2022 04:30:00 AM,05/02/2022 07:00:10 AM
07/11/2021 12:00:00 AM,0,570,05/02/2022 04:30:00 AM,05/02/2022 07:00:10 AM
07/14/2021 12:00:00 AM,0,571,05/02/2022 04:30:00 AM,05/02/2022 07:00:10 AM
07/17/2021 12:00:00 AM,0,573,05/02/2022 04:30:00 AM,05/02/2022 07:00:10 AM
07/20/2021 12:00:00 AM,0,575,05/02/2022 04:30:00 AM,05/02/2022 07:00:10 AM
07/23/2021 12:00:00 AM,0,576,05/02/2022 04:30:00 AM,05/02/2022 07:00:10 AM
07/26/2021 12:00:00 AM,1,577,05/02/2022 04:30:00 AM,05/02/2022 07:00:10 AM
07/29/2021 12:00:00 AM,0,577,05/02/2022 04:30:00 AM,05/02/2022 07:00:10 AM
08/01/2021 12:00:00 AM,0,580,05/02/2022 04:30:00 AM,05/02/2022 07:00:10 AM
08/04/2021 12:00:00 AM,1,583,05/02/2022 04:30:00 AM,05/02/2022 07:00:10 AM
08/07/2021 12:00:00 AM,1,585,05/02/2022 04:30:00 AM,05/02/2022 07:00:10 AM
08/10/2021 12:00:00 AM,1,587,05/02/2022 04:30:00 AM,05/02/2022 07:00:10 AM
08/13/2021 12:00:00 AM,2,590,05/02/2022 04:30:00 AM,05/02/2022 07:00:10 AM
08/16/2021 12:00:00 AM,4,599,05/02/2022 04:30:00 AM,05/02/2022 07:00:10 AM
08/19/2021 12:00:00 AM,2,601,05/02/2022 04:30:00 AM,05/02/2022 07:00:10 AM
08/22/2021 12:00:00 AM,2,604,05/02/2022 04:30:00 AM,05/02/2022 07:00:10 AM
08/25/2021 12:00:00 AM,1,610,05/02/2022 04:30:00 AM,05/02/2022 07:00:10 AM
08/28/2021 12:00:00 AM,0,611,05/02/2022 04:30:00 AM,05/02/2022 07:00:10 AM
08/31/2021 12:00:00 AM,0,615,05/02/2022 04:30:00 AM,05/02/2022 07:00:10 AM
09/03/2021 12:00:00 AM,1,618,05/02/2022 04:30:00 AM,05/02/2022 07:00:10 AM
09/06/2021 12:00:00 AM,1,624,05/02/2022 04:30:00 AM,05/02/2022 07:00:10 AM
09/09/2021 12:00:00 AM,3,632,05/02/2022 04:30:00 AM,05/02/2022 07:00:10 AM
09/12/2021 12:00:00 AM,2,639,05/02/2022 04:30:00 AM,05/02/2022 07:00:10 AM
09/15/2021 12:00:00 AM,1,641,05/02/2022 04:30:00 AM,05/02/2022 07:00:10 AM
09/18/2021 12:00:00 AM,1,642,05/02/2022 04:30:00 AM,05/02/2022 07:00:10 AM
09/21/2021 12:00:00 AM,0,645,05/02/2022 04:30:00 AM,05/02/2022 07:00:10 AM
09/24/2021 12:00:00 AM,1,648,05/02/2022 04:30:00 AM,05/02/2022 07:00:10 AM
09/27/2021 12:00:00 AM,3,653,05/02/2022 04:30:00 AM,05/02/2022 07:00:10 AM
09/30/2021 12:00:00 AM,0,654,05/02/2022 04:30:00 AM,05/02/2022 07:00:10 AM
10/03/2021 12:00:00 AM,1,656,05/02/2022 04:30:00 AM,05/02/2022 07:00:10 AM
10/06/2021 12:00:00 AM,0,657,05/02/2022 04:30:00 AM,05/02/2022 07:00:10 AM
10/09/2021 12:00:00 AM,1,660,05/02/2022 04:30:00 AM,05/02/2022 07:00:10 AM
10/12/2021 12:00:00 AM,1,663,05/02/2022 04:30:00 AM,05/02/2022 07:00:10 AM
10/15/2021 12:00:00 AM,1,664,05/02/2022 04:30:00 AM,05/02/2022 07:00:10 AM
10/18/2021 12:00:00 AM,1,669,05/02/2022 04:30:00 AM,05/02/2022 07:00:10 AM
10/21/2021 12:00:00 AM,1,672,05/02/2022 04:30:00 AM,05/02/2022 07:00:10 AM
10/24/2021 12:00:00 AM,0,672,05/02/2022 04:30:00 AM,05/02/2022 07:00:10 AM
10/27/2021 12:00:00 AM,0,673,05/02/2022 04:30:00 AM,05/02/2022 07:00:10 AM
10/30/2021 12:00:00 AM,0,673,05/02/2022 04:30:00 AM,05/02/2022 07:00:10 AM
11/02/2021 12:00:00 AM,0,673,05/02/2022 04:30:00 AM,05/02/2022 07:00:10 AM
11/05/2021 12:00:00 AM,0,674,05/02/2022 04:30:00 AM,05/02/2022 07:00:10 AM
11/08/2021 12:00:00 AM,0,675,05/02/2022 04:30:00 AM,05/02/2022 07:00:10 AM
11/11/2021 12:00:00 AM,0,675,05/02/2022 04:30:00 AM,05/02/2022 07:00:10 AM
11/14/2021 12:00:00 AM,0,676,05/02/2022 04:30:00 AM,05/02/2022 07:00:10 AM
11/17/2021 12:00:00 AM,0,678,05/02/2022 04:30:00 AM,05/02/2022 07:00:10 AM
11/20/2021 12:00:00 AM,0,680,05/02/2022 04:30:00 AM,05/02/2022 07:00:10 AM
11/23/2021 12:00:00 AM,0,681,05/02/2022 04:30:00 AM,05/02/2022 07:00:10 AM
11/26/2021 12:00:00 AM,0,681,05/02/2022 04:30:00 AM,05/02/2022 07:00:10 AM
11/29/2021 12:00:00 AM,0,681,05/02/2022 04:30:00 AM,05/02/2022 07:00:10 AM
12/02/2021 12:00:00 AM,0,682,05/02/2022 04:30:00 AM,05/02/2022 07:00:10 AM
12/05/2021 12:00:00 AM,0,684,05/02/2022 04:30:00 AM,05/02/2022 07:00:10 AM
12/08/2021 12:00:00 AM,0,686,05/02/2022 04:30:00 AM,05/02/2022 07:00:10 AM
12/11/2021 12:00:00 AM,0,686,05/02/2022 04:30:00 AM,05/02/2022 07:00:10 AM
12/14/2021 12:00:00 AM,0,688,05/02/2022 04:30:00 AM,05/02/2022 07:00:10 AM
12/17/2021 12:00:00 AM,0,688,05/02/2022 04:30:00 AM,05/02/2022 07:00:10 AM
12/20/2021 12:00:00 AM,1,691,05/02/2022 04:30:00 AM,05/02/2022 07:00:10 AM
12/23/2021 12:00:00 AM,0,691,05/02/2022 04:30:00 AM,05/02/2022 07:00:10 AM
12/26/2021 12:00:00 AM,0,691,05/02/2022 04:30:00 AM,05/02/2022 07:00:10 AM
12/29/2021 12:00:00 AM,0,693,05/02/2022 04:30:00 AM,05/02/2022 07:00:10 AM
01/01/2022 12:00:00 AM,3,696,05/02/2022 04:30:00 AM,05/02/2022 07:00:10 AM
01/04/2022 12:00:00 AM,1,698,05/02/2022 04:30:00 AM,05/02/2022 07:00:10 AM
01/07/2022 12:00:00 AM,1,703,05/02/2022 04:30:00 AM,05/02/2022 07:00:10 AM
01/10/2022 12:00:00 AM,1,709,05/02/2022 04:30:00 AM,05/02/2022 07:00:10 AM
01/13/2022 12:00:00 AM,3,716,05/02/2022 04:30:00 AM,05/02/2022 07:00:10 AM
01/16/2022 12:00:00 AM,4,722,05/02/2022 04:30:00 AM,05/02/2022 07:00:10 AM
01/19/2022 12:00:00 AM,1,726,05/02/2022 04:30:00 AM,05/02/2022 07:00:10 AM
01/22/2022 12:00:00 AM,2,735,05/02/2022 04:30:00 AM,05/02/2022 07:00:10 AM
01/25/2022 12:00:00 AM,2,745,05/02/2022 04:30:00 AM,05/02/2022 07:00:10 AM
01/28/2022 12:00:00 AM,2,751,05/02/2022 04:30:00 AM,05/02/2022 07:00:10 AM
01/31/2022 12:00:00 AM,3,764,05/02/2022 04:30:00 AM,05/02/2022 07:00:10 AM
02/03/2022 12:00:00 AM,5,772,05/02/2022 04:30:00 AM,05/02/2022 07:00:10 AM
02/06/2022 12:00:00 AM,0,785,05/02/2022 04:30:00 AM,05/02/2022 07:00:10 AM
02/09/2022 12:00:00 AM,4,795,05/02/2022 04:30:00 AM,05/02/2022 07:00:10 AM
02/12/2022 12:00:00 AM,4,807,05/02/2022 04:30:00 AM,05/02/2022 07:00:10 AM
02/15/2022 12:00:00 AM,2,814,05/02/2022 04:30:00 AM,05/02/2022 07:00:10 AM
02/18/2022 12:00:00 AM,1,818,05/02/2022 04:30:00 AM,05/02/2022 07:00:10 AM
02/21/2022 12:00:00 AM,1,823,05/02/2022 04:30:00 AM,05/02/2022 07:00:10 AM
02/24/2022 12:00:00 AM,3,831,05/02/2022 04:30:00 AM,05/02/2022 07:00:10 AM
02/27/2022 12:00:00 AM,0,834,05/02/2022 04:30:00 AM,05/02/2022 07:00:10 AM
03/02/2022 12:00:00 AM,0,838,05/02/2022 04:30:00 AM,05/02/2022 07:00:10 AM
03/05/2022 12:00:00 AM,0,842,05/02/2022 04:30:00 AM,05/02/2022 07:00:10 AM
03/08/2022 12:00:00 AM,2,844,05/02/2022 04:30:00 AM,05/02/2022 07:00:10 AM
03/11/2022 12:00:00 AM,1,845,05/02/2022 04:30:00 AM,05/02/2022 07:00:10 AM
03/14/2022 12:00:00 AM,1,848,05/02/2022 04:30:00 AM,05/02/2022 07:00:10 AM
03/17/2022 12:00:00 AM,1,850,05/02/2022 04:30:00 AM,05/02/2022 07:00:10 AM
03/20/2022 12:00:00 AM,0,850,05/02/2022 04:30:00 AM,05/02/2022 07:00:10 AM
03/23/2022 12:00:00 AM,0,852,05/02/2022 04:30:00 AM,05/02/2022 07:00:10 AM
03/26/2022 12:00:00 AM,0,852,05/02/2022 04:30:00 AM,05/02/2022 07:00:10 AM
03/29/2022 12:00:00 AM,0,856,05/02/2022 04:30:00 AM,05/02/2022 07:00:10 AM
04/01/2022 12:00:00 AM,0,856,05/02/2022 04:30:00 AM,05/02/2022 07:00:10 AM
04/04/2022 12:00:00 AM,0,857,05/02/2022 04:30:00 AM,05/02/2022 07:00:10 AM
04/07/2022 12:00:00 AM,0,861,05/02/2022 04:30:00 AM,05/02/2022 07:00:10 AM
04/10/2022 12:00:00 AM,0,861,05/02/2022 04:30:00 AM,05/02/2022 07:00:10 AM
04/13/2022 12:00:00 AM,1,862,05/02/2022 04:30:00 AM,05/02/2022 07:00:10 AM
04/16/2022 12:00:00 AM,0,862,05/02/2022 04:30:00 AM,05/02/2022 07:00:10 AM
04/19/2022 12:00:00 AM,0,862,05/02/2022 04:30:00 AM,05/02/2022 07:00:10 AM
04/22/2022 12:00:00 AM,0,862,05/02/2022 04:30:00 AM,05/02/2022 07:00:10 AM
04/25/2022 12:00:00 AM,0,862,05/02/2022 04:30:00 AM,05/02/2022 07:00:10 AM
